"Zip Code","Building type (service class"," Consumption (therms) "," Consumption (GJ) ","Utility/Data Source"
"   10300","Commercial","470","50","National Grid"
"   10335","Commercial","647","68","National Grid"
"   10360","Large residential","33,762","3,562","National Grid"
"   11200","Commercial","32,125","3,389","National Grid"
"   11200","Institutional","3,605","380","National Grid"
"   11200","Small residential","3,960","418","National Grid"
"   11254","Small residential","1,896","200","National Grid"
"   11274","Commercial","8,364","882","National Grid"
"   11279","Commercial","2,579","272","National Grid"
"   11279","Large residential","301","32","National Grid"
"   11303","Commercial","13,039","1,376","National Grid"
"   11303","Small residential","3,009","317","National Grid"
"   11313","Small residential","3,488","368","National Grid"
"   11314","Small residential","6,011","634","National Grid"
"   11315","Commercial","8,520","899","National Grid"
"   11315","Institutional","339","36","National Grid"
"   11315","Large residential","335,091","35,354","National Grid"
"   11315","Small residential","4,458","470","National Grid"
"   11323","Commercial","3,637","384","National Grid"
"   11332","Commercial","3,795","400","National Grid"
"   11335","Large residential",,,"National Grid"
"   11337","Commercial","4,928","520","National Grid"
"   11343","Small residential","2,454","259","National Grid"
"   11350","Commercial","10,048","1,060","National Grid"
"   11388","Commercial","823","87","National Grid"
"   11400","Commercial","21,866","2,307","National Grid"
"   11400","Industrial","275","29","National Grid"
"   11400","Institutional","93,140","9,827","National Grid"
"   11400","Large residential","280","30","National Grid"
"   11400","Small residential","51,072","5,388","National Grid"
"   11402","Commercial","65","7","National Grid"
"   11403","Small residential","1,127","119","National Grid"
"   11438","Institutional","1,770","187","National Grid"
"   11441","Small residential","1,126","119","National Grid"
"   11446","Small residential","604","64","National Grid"
"   11450","Commercial","455","48","National Grid"
"   11468","Institutional","49,184","5,189","National Grid"
"   11468","Small residential","1,601","169","National Grid"
"   11469","Commercial","151","16","National Grid"
"   11469","Institutional","41,819","4,412","National Grid"
"   11472","Institutional","7,869","830","National Grid"
"   11473","Institutional","40,595","4,283","National Grid"
"   11473","Small residential","7,335","774","National Grid"
"   11474","Large residential","2,223,970","234,641","National Grid"
"   11475","Institutional","8,503","897","National Grid"
"   11477","Institutional","22,660","2,391","National Grid"
"   11477","Large residential","493,904","52,110","National Grid"
"   11478","Institutional","19,018","2,007","National Grid"
"   11479","Institutional","21,169","2,233","National Grid"
"   11485","Institutional","10,790","1,138","National Grid"
"   11696","Small residential","5,218","551","National Grid"
"   10451 (40.820696407114, -73.923841367985)","Commercial","8,071,587","851,598","ConEd"
"   10468 (40.869693003729, -73.898926992487)","Residential","907,812","95,779","ConEd"
"   11212 (40.662797169953, -73.912984894337)","Institutional","1,441,719","152,109","National Grid"
"   11420 (40.673345242689, -73.817707171649)","Small residential","9,694,601","1,022,835","National Grid"
"   11694 (40.576578305644, -73.850777000558)","Commercial","2,058,660","217,200","National Grid"
"   11210 (40.627722263871, -73.946537919989)","Industrial","63,151","6,663","National Grid"
"   10309 (40.530393118348, -74.218938614326)","Small residential","8,086,128","853,132","National Grid"
"   10034 (40.870617109292, -73.924223258796)","Residential","226,754","23,924","ConEd"
"   11422 (40.661613493968, -73.736051726406)","Commercial","295","31","ConEd"
"   10044 (40.761976486226, -73.949999674945)","Residential","93,171","9,830","ConEd"
"   10010 (40.739140782121, -73.982898456399)","Large Residential","212,584","22,429","ConEd"
"   11358 (40.760350968822, -73.796326458199)","Residential","405,678","42,801","ConEd"
"   11426 (40.737041384952, -73.724156998946)","Commercial","1,380","146","National Grid"
"   11432 (40.71311535449, -73.792820999789)","Commercial","1,433,501","151,242","ConEd"
"   11237 (40.704095739827, -73.920994233997)","Institutional","809,265","85,382","National Grid"
"   11220 (40.641184928741, -74.016764726711)","Large residential","6,756,193","712,816","National Grid"
"   11362 (40.759074216602, -73.734300177111)","Large Residential","36,526","3,854","ConEd"
"   11101 (40.745702449808, -73.938669029252)","Residential","182,865","19,293","ConEd"
"   11206 (40.701912016826, -73.942379198541)","Small residential","5,252,607","554,179","National Grid"
"   10039 (40.826681928628, -73.937770907801)","Residential","471,926","49,791","ConEd"
"   10022 (40.758630224006, -73.96809182218)","Residential","981,692","103,574","ConEd"
"   10314 (40.596490302985, -74.165991118795)","Industrial","441,639","46,595","National Grid"
"   11226 (40.646505002304, -73.957190099144)","Industrial","65,835","6,946","National Grid"
"   11420 (40.673345242689, -73.817707171649)","Industrial","8,901","939","National Grid"
"   11426 (40.737041384952, -73.724156998946)","Small residential","2,754","291","National Grid"
"   10454 (40.805846930092, -73.916285046518)","Residential","151,124","15,944","ConEd"
"   10002 (40.716121467931, -73.985831470246)","Commercial","4,230,121","446,301","ConEd"
"   11429 (40.709913120494, -73.738640316098)","Commercial","717,488","75,699","National Grid"
"   11377 (40.745193764481, -73.90484714408)","Residential","366,911","38,711","ConEd"
"   11211 (40.711589765256, -73.958176750756)","Institutional","1,200,176","126,625","National Grid"
"   10017 (40.752456527447, -73.97297648088)","Commercial","2,506,308","264,430","ConEd"
"   10457 (40.845798371298, -73.898324186812)","Residential","1,697,773","179,125","ConEd"
"   10012 (40.725538020863, -73.997896410591)","Large Residential","7,190,053","758,591","ConEd"
"   11360 (40.780701334399, -73.782267336868)","Commercial","17,858","1,884","ConEd"
"   11365 (40.739871843711, -73.794621535156)","Commercial","1,336,553","141,014","ConEd"
"   11436 (40.675718209128, -73.796465014948)","Large residential","225,350","23,776","National Grid"
"   11209 (40.623387097237, -74.030652953471)","Commercial","2,452,630","258,766","National Grid"
"   11223 (40.596939623165, -73.973311472047)","Small residential","14,240,984","1,502,504","National Grid"
"   10006 (40.708256140309, -74.013553569641)","Residential","15,601","1,646","ConEd"
"   10002 (40.716121467931, -73.985831470246)","Residential","4,509,087","475,734","ConEd"
"   10463 (40.881871962821, -73.911207480541)","Commercial","7,214,349","761,154","ConEd"
"   10314 (40.596490302985, -74.165991118795)","Institutional","2,294,516","242,084","National Grid"
"   10065 (40.764301213031, -73.963039935445)","Residential","1,795,744","189,461","ConEd"
"   10006 (40.708256140309, -74.013553569641)","Commercial","235,511","24,848","ConEd"
"   11365 (40.739871843711, -73.794621535156)","Small residential","3,378","356","National Grid"
"   10467 (40.877047912132, -73.871532500824)","Commercial","14,662","1,547","ConEd"
"   11104 (40.744893366636, -73.920541345307)","Commercial","1,399,157","147,619","ConEd"
"   10466 (40.890809730185, -73.846009063068)","Residential","6,056,272","638,971","ConEd"
"   11370 (40.75935377086, -73.8918440004)","Commercial","29,295","3,091","ConEd"
"   10451 (40.820696407114, -73.923841367985)","Commercial","2,168,883","228,829","ConEd"
"   10065 (40.764301213031, -73.963039935445)","Residential","156,086","16,468","ConEd"
"   11367 (40.730323085042, -73.82610630716)","Commercial","6,820,750","719,627","ConEd"
"   11693 (40.618303604728, -73.824955315236)","Small residential","948,328","100,054","National Grid"
"   11379 (40.71679766548, -73.879334213103)","Small residential","6,789,947","716,377","National Grid"
"   11423 (40.717222295672, -73.76714149998)","Residential","261,189","27,557","ConEd"
"   10021 (40.769205327664, -73.959183941086)","Residential","2,002,900","211,317","ConEd"
"   10025 (40.796850127631, -73.963725810598)","Commercial","8,752,223","923,409","ConEd"
"   11373 (40.738710402563, -73.878351155182)","Residential","5,089","537","ConEd"
"   11210 (40.627722263871, -73.946537919989)","Institutional","1,837,588","193,876","National Grid"
"   10302 (40.630833311108, -74.137734298699)","Institutional","644,313","67,979","National Grid"
"   11221 (40.691288039511, -73.927617927925)","Industrial","50,866","5,367","National Grid"
"   10459 (40.825526216162, -73.893131067844)","Residential","2,246,422","237,010","ConEd"
"   11231 (40.677554311782, -74.004676704366)","Small residential","5,330,545","562,402","National Grid"
"   10471 (40.901994423104, -73.903626500562)","Residential","2,226,655","234,925","ConEd"
"   11361 (40.764188848137, -73.7723255286)","Residential","290,730","30,674","ConEd"
"   11232 (40.654511617018, -74.000033929122)","Commercial","3,285,406","346,629","National Grid"
"   10306 (40.566020489654, -74.119945669057)","Institutional","434,767","45,870","National Grid"
"   10034 (40.870617109292, -73.924223258796)","Commercial","1,521,876","160,566","ConEd"
"   11004 (40.743237834359, -73.712015000192)","Commercial","2,555,500","269,620","ConEd"
"   11355 (40.751299796948, -73.821478547897)","Residential","5,458,878","575,942","ConEd"
"   11001 (40.721390004945, -73.707396928425)","Commercial","375,299","39,596","ConEd"
"   10310 (40.632789000212, -74.11645860538)","Industrial","20,001","2,110","National Grid"
"   10475 (40.874142343794, -73.827068565562)","Commercial","11,525,984","1,216,056","ConEd"
"   11361 (40.764188848137, -73.7723255286)","Commercial","1,616,689","170,570","ConEd"
"   11205 (40.693882095283, -73.964334507731)","Industrial","949,014","100,126","National Grid"
"   11426 (40.737041384952, -73.724156998946)","Commercial","529,932","55,911","ConEd"
"   10027 (40.811549564461, -73.952900335682)","Large Residential","10,352,199","1,092,215","ConEd"
"   10308 (40.552935295428, -74.151302759814)","Commercial","565,006","59,611","National Grid"
"   11105 (40.780092072491, -73.90960650024)","Commercial","2,763,314","291,545","ConEd"
"   11364 (40.74592468038, -73.757902755608)","Residential","269,069","28,388","ConEd"
"   11363 (40.772398418252, -73.746797887413)","Large Residential","40,443","4,267","ConEd"
"   10023 (40.774536138232, -73.979943356101)","Large Residential","394,079","41,578","ConEd"
"   11429 (40.709913120494, -73.738640316098)","Industrial","150,862","15,917","National Grid"
"   10007 (40.713630519433, -74.009131383706)","Large Residential","12,021","1,268","ConEd"
"   10464 (40.875709096797, -73.812297250418)","Commercial","602,169","63,532","ConEd"
"   11209 (40.623387097237, -74.030652953471)","Institutional","2,102,591","221,835","National Grid"
"   11416 (40.684578097002, -73.849601668482)","Commercial","736,110","77,664","National Grid"
"   11423 (40.717222295672, -73.76714149998)","Small residential","5,458,466","575,899","National Grid"
"   11216 (40.680758670876, -73.949267750906)","Institutional","1,015,256","107,115","National Grid"
"   10469 (40.868181802748, -73.846568687795)","Commercial","1","0","ConEd"
"   10456 (40.830436680009, -73.907765199504)","Residential","600,008","63,304","ConEd"
"   11229 (40.601233507321, -73.944368541175)","Large residential","13,147,358","1,387,120","National Grid"
"   11697 (40.559624370968, -73.910062999708)","Commercial","95,842","10,112","National Grid"
"   11360 (40.780701334399, -73.782267336868)","Commercial","2,307,963","243,503","ConEd"
"   10032 (40.836930349056, -73.949178521971)","Residential","910,692","96,083","ConEd"
"   11428 (40.721396964798, -73.741937297268)","Industrial","1,772","187","National Grid"
"   11206 (40.701912016826, -73.942379198541)","Commercial","3,420,403","360,872","National Grid"
"   10011 (40.744715266696, -74.00460000029)","Large Residential","400,282","42,232","ConEd"
"   11231 (40.677554311782, -74.004676704366)","Institutional","346,781","36,587","National Grid"
"   10474 (40.810882923108, -73.882356362356)","Large Residential","3,339,390","352,324","ConEd"
"   11201 (40.694678258795, -73.989920868353)","Small residential","3,575,205","377,204","National Grid"
"   10023 (40.774536138232, -73.979943356101)","Commercial","1,543,305","162,827","ConEd"
"   11367 (40.730323085042, -73.82610630716)","Large Residential","1,724,999","181,997","ConEd"
"   10038 (40.709359291898, -74.003071862376)","Residential","24,457","2,580","ConEd"
"   10307 (40.508004527487, -74.242114281948)","Commercial","359,769","37,958","National Grid"
"   11422 (40.661613493968, -73.736051726406)","Small residential","7,114,276","750,596","National Grid"
"   10003 (40.731943947555, -73.98887214913)","Commercial","5,073,198","535,251","ConEd"
"   10033 (40.856219929206, -73.945859000193)","Commercial","1,599,674","168,775","ConEd"
"   11426 (40.737041384952, -73.724156998946)","Residential","2,508,430","264,653","ConEd"
"   10065 (40.764301213031, -73.963039935445)","Commercial","13,811,460","1,457,186","ConEd"
"   10128 (40.781770000585, -73.95062814907)","Commercial","8,661,160","913,801","ConEd"
"   10037 (40.813297761083, -73.937282525568)","Residential","611,811","64,549","ConEd"
"   10301 (40.626785508445, -74.096112910882)","Small residential","7,412,235","782,032","National Grid"
"   10031 (40.824954205073, -73.950124436094)","Commercial","3,819,653","402,995","ConEd"
"   10310 (40.632789000212, -74.11645860538)","Small residential","5,137,096","541,992","National Grid"
"   10011 (40.744715266696, -74.00460000029)","Commercial","9,456,458","997,709","ConEd"
"   10461 (40.846960590359, -73.840632836736)","Commercial","3,657,783","385,917","ConEd"
"   10027 (40.811549564461, -73.952900335682)","Residential","2,542,279","268,225","ConEd"
"   10453 (40.852786838342, -73.913426784319)","Large Residential","1,136,648","119,923","ConEd"
"   11252 (40.607934094183, -74.02694266727)","Commercial","38,852","4,099","National Grid"
"   10030 (40.818435176043, -73.942765303576)","Residential","159,864","16,867","ConEd"
"   11213 (40.671225169206, -73.936443366368)","Institutional","889,348","93,831","National Grid"
"   11368 (40.749678220374, -73.853040688577)","Commercial","978","103","ConEd"
"   10463 (40.881871962821, -73.911207480541)","Commercial","3,561","376","ConEd"
"   10470 (40.900127971928, -73.87122775026)","Residential","236,066","24,906","ConEd"
"   10024 (40.783625568166, -73.966539000574)","Residential","3,988,908","420,852","ConEd"
"   10021 (40.769205327664, -73.959183941086)","Commercial","6,581","694","ConEd"
"   11203 (40.649721601171, -73.934276085673)","Institutional","7,869,164","830,241","National Grid"
"   11414 (40.658170228174, -73.844962639814)","Commercial","1,151,068","121,444","National Grid"
"   10452 (40.837724263364, -73.923332211412)","Commercial","1,823,135","192,351","ConEd"
"   11428 (40.721396964798, -73.741937297268)","Small residential","3,960,945","417,902","National Grid"
"   11230 (40.621929510239, -73.965511060187)","Small residential","11,665,262","1,230,750","National Grid"
"   10026 (40.803058121635, -73.953342776048)","Commercial","1,153,347","121,685","ConEd"
"   11360 (40.780701334399, -73.782267336868)","Residential","2,617,396","276,150","ConEd"
"   10013 (40.721242188776, -74.008889000227)","Residential","228,453","24,103","ConEd"
"   11435 (40.701192649122, -73.809796655791)","Small residential","6,630,439","699,548","National Grid"
"   10030 (40.818435176043, -73.942765303576)","Residential","2,016,283","212,729","ConEd"
"   10016 (40.745242969987, -73.978232985864)","Commercial","7,176,247","757,134","ConEd"
"   11004 (40.743237834359, -73.712015000192)","Commercial","280,325","29,576","ConEd"
"   10464 (40.875709096797, -73.812297250418)","Residential","1,094,782","115,506","ConEd"
"   10461 (40.846960590359, -73.840632836736)","Residential","587,242","61,957","ConEd"
"   11355 (40.751299796948, -73.821478547897)","Residential","503,099","53,080","ConEd"
"   10308 (40.552935295428, -74.151302759814)","Small residential","6,910,394","729,085","National Grid"
"   10040 (40.858095531883, -73.929255489949)","Commercial","717,611","75,712","ConEd"
"   11693 (40.618303604728, -73.824955315236)","Large residential","2,505,401","264,334","National Grid"
"   11234 (40.61636866748, -73.927732249743)","Institutional","1,812,535","191,233","National Grid"
"   10075 (40.772939491764, -73.956090162631)","Commercial","3,374,658","356,045","ConEd"
"   11358 (40.760350968822, -73.796326458199)","Residential","5,983,515","631,294","ConEd"
"   11430 (40.647229326173, -73.786374952542)","Industrial","563,052","59,405","National Grid"
"   10034 (40.870617109292, -73.924223258796)","Large Residential","281,557","29,706","ConEd"
"   10457 (40.845798371298, -73.898324186812)","Commercial","3,139,507","331,236","ConEd"
"   10009 (40.726649358981, -73.979111485007)","Residential","2,516,364","265,491","ConEd"
"   11415 (40.708286075142, -73.828556121568)","Commercial","586,484","61,877","National Grid"
"   11235 (40.578414108824, -73.940260000099)","Small residential","9,977,961","1,052,731","National Grid"
"   11211 (40.711589765256, -73.958176750756)","Small residential","9,211,590","971,874","National Grid"
"   11423 (40.717222295672, -73.76714149998)","Commercial","660,047","69,639","National Grid"
"   10306 (40.566020489654, -74.119945669057)","Industrial","3,660","386","National Grid"
"   11379 (40.71679766548, -73.879334213103)","Large residential","659,949","69,628","National Grid"
"   10301 (40.626785508445, -74.096112910882)","Institutional","1,244,001","131,249","National Grid"
"   11217 (40.682312101322, -73.979567188575)","Industrial","115,795","12,217","National Grid"
"   10306 (40.566020489654, -74.119945669057)","Small residential","13,376,088","1,411,252","National Grid"
"   11429 (40.709913120494, -73.738640316098)","Residential","796","84","ConEd"
"   10036 (40.759346827194, -73.989860554421)","Commercial","10,571,859","1,115,390","ConEd"
"   11427 (40.729310574324, -73.750676021281)","Commercial","1,165,892","123,008","ConEd"
"   11421 (40.691764587566, -73.85702228585)","Industrial","22,617","2,386","National Grid"
"   10456 (40.830436680009, -73.907765199504)","Residential","1,999,484","210,957","ConEd"
"   10280 (40.709594512277, -74.020224535534)","Commercial","1,396,819","147,372","ConEd"
"   10305 (40.596184688173, -74.075072384883)","Small residential","8,586,364","905,909","National Grid"
"   11364 (40.74592468038, -73.757902755608)","Commercial","768,785","81,111","ConEd"
"   11363 (40.772398418252, -73.746797887413)","Residential","54,273","5,726","ConEd"
"   11373 (40.738710402563, -73.878351155182)","Commercial",,,"ConEd"
"   10075 (40.772939491764, -73.956090162631)","Residential","110,074","11,613","ConEd"
"   10463 (40.881871962821, -73.911207480541)","Large Residential","219,710","23,181","ConEd"
"   10007 (40.713630519433, -74.009131383706)","Commercial","1,220,273","128,746","ConEd"
"   10305 (40.596184688173, -74.075072384883)","Large residential","1,136,630","119,921","National Grid"
"   10020 (40.759498513146, -73.980074397216)","Large Residential","271,824","28,679","ConEd"
"   11377 (40.745193764481, -73.90484714408)","Commercial","3,893,626","410,799","National Grid"
"   11374 (40.726464917022, -73.861480847563)","Small residential","3,149,947","332,337","National Grid"
"   10039 (40.826681928628, -73.937770907801)","Residential","81,485","8,597","ConEd"
"   11428 (40.721396964798, -73.741937297268)","Large residential","172,865","18,238","National Grid"
"   11363 (40.772398418252, -73.746797887413)","Commercial","538,595","56,825","ConEd"
"   10469 (40.868181802748, -73.846568687795)","Large Residential","18,293","1,930","ConEd"
"   10001 (40.750259021437, -73.99688630376)","Commercial","7,191,956","758,792","ConEd"
"   11226 (40.646505002304, -73.957190099144)","Commercial","2,807,970","296,257","National Grid"
"   11428 (40.721396964798, -73.741937297268)","Residential","6,282","663","ConEd"
"   11219 (40.632772955408, -73.996676811186)","Small residential","13,366,615","1,410,253","National Grid"
"   11358 (40.760350968822, -73.796326458199)","Commercial","2,055","217","ConEd"
"   10466 (40.890809730185, -73.846009063068)","Residential","891,414","94,049","ConEd"
"   11427 (40.729310574324, -73.750676021281)","Industrial","14,014","1,479","National Grid"
"   11432 (40.71311535449, -73.792820999789)","Industrial","106,054","11,189","National Grid"
"   10021 (40.769205327664, -73.959183941086)","Commercial","5,344,734","563,899","ConEd"
"   10032 (40.836930349056, -73.949178521971)","Large Residential","10,872,811","1,147,142","ConEd"
"   10069 (40.778254000322, -73.988541999913)","Residential","44,780","4,725","ConEd"
"   10022 (40.758630224006, -73.96809182218)","Large Residential","98,604","10,403","ConEd"
"   10032 (40.836930349056, -73.949178521971)","Commercial","4,152,807","438,144","ConEd"
"   11368 (40.749678220374, -73.853040688577)","Large residential","6,347,326","669,678","National Grid"
"   10465 (40.827628067581, -73.822413141353)","Commercial","1,220,820","128,803","ConEd"
"   11370 (40.75935377086, -73.8918440004)","Small residential","5,080,675","536,040","National Grid"
"   10010 (40.739140782121, -73.982898456399)","Commercial","2,096,300","221,171","ConEd"
"   11225 (40.663170058551, -73.953701109119)","Small residential","4,686,218","494,422","National Grid"
"   10458 (40.862601328688, -73.884790015047)","Large Residential","2,881,283","303,991","ConEd"
"   11378 (40.721453104977, -73.908543500682)","Large residential","618,419","65,247","National Grid"
"   11205 (40.693882095283, -73.964334507731)","Small residential","3,834,731","404,586","National Grid"
"   11369 (40.763413273704, -73.872378898667)","Institutional","168,544","17,782","National Grid"
"   11420 (40.673345242689, -73.817707171649)","Commercial","8,380,985","884,241","National Grid"
"   10075 (40.772939491764, -73.956090162631)","Residential","1,035,531","109,254","ConEd"
"   11243 (40.685030000035, -73.978075000161)","Commercial","558","59","National Grid"
"   10302 (40.630833311108, -74.137734298699)","Large residential","321,677","33,939","National Grid"
"   10029 (40.791610720558, -73.944032281065)","Commercial","2,344,076","247,313","ConEd"
"   11223 (40.596939623165, -73.973311472047)","Commercial","2,376,036","250,685","National Grid"
"   10303 (40.633032309993, -74.16834884982)","Small residential","4,136,073","436,379","National Grid"
"   11367 (40.730323085042, -73.82610630716)","Small residential","1,753","185","National Grid"
"   10459 (40.825526216162, -73.893131067844)","Commercial","5,960,440","628,860","ConEd"
"   10044 (40.761976486226, -73.949999674945)","Commercial","234,470","24,738","ConEd"
"   10467 (40.877047912132, -73.871532500824)","Commercial","3,067,369","323,625","ConEd"
"   10461 (40.846960590359, -73.840632836736)","Residential","4,848,889","511,585","ConEd"
"   11230 (40.621929510239, -73.965511060187)","Large residential","12,513,612","1,320,256","National Grid"
"   11218 (40.64322700852, -73.976448622106)","Commercial","2,009,772","212,042","National Grid"
"   11103 (40.762868930257, -73.91327185811)","Commercial","1,904,692","200,956","ConEd"
"   11694 (40.576578305644, -73.850777000558)","Small residential","4,716,368","497,603","National Grid"
"   11385 (40.701224891615, -73.88334858437)","Large residential","5,367,560","566,308","National Grid"
"   10467 (40.877047912132, -73.871532500824)","Large Residential","4,811,979","507,691","ConEd"
"   10465 (40.827628067581, -73.822413141353)","Residential","6,724,287","709,450","ConEd"
"   10007 (40.713630519433, -74.009131383706)","Commercial","981,522","103,556","ConEd"
"   10018 (40.756840774582, -73.996691499813)","Residential","21,822","2,302","ConEd"
"   11692 (40.59313388562, -73.795402084638)","Small residential","2,194,609","231,544","National Grid"
"   11372 (40.751630739367, -73.883612545283)","Large residential","14,227,014","1,501,030","National Grid"
"   11106 (40.761699790013, -73.931663252957)","Residential","1,827,237","192,784","ConEd"
"   11426 (40.737041384952, -73.724156998946)","Commercial","1,716,958","181,149","ConEd"
"   10457 (40.845798371298, -73.898324186812)","Commercial","5,354,415","564,921","ConEd"
"   11103 (40.762868930257, -73.91327185811)","Large Residential","80,092","8,450","ConEd"
"   11357 (40.786284041475, -73.811232061011)","Residential","6,962,862","734,621","ConEd"
"   11109 (40.744414792409, -73.957702346686)","Commercial","752,231","79,365","ConEd"
"   11385 (40.701224891615, -73.88334858437)","Industrial","1,048,061","110,576","National Grid"
"   10308 (40.552935295428, -74.151302759814)","Large residential","77,333","8,159","National Grid"
"   11105 (40.780092072491, -73.90960650024)","Large Residential","23,820","2,513","ConEd"
"   11213 (40.671225169206, -73.936443366368)","Large residential","10,763,716","1,135,632","National Grid"
"   11370 (40.75935377086, -73.8918440004)","Institutional","1,231,730","129,954","National Grid"
"   10302 (40.630833311108, -74.137734298699)","Small residential","3,521,474","371,535","National Grid"
"   10001 (40.750259021437, -73.99688630376)","Commercial","4,628,579","488,341","ConEd"
"   10460 (40.843090348041, -73.87860282506)","Commercial","6,492,444","684,989","ConEd"
"   11411 (40.694293339066, -73.735683291251)","Industrial","4,193","442","National Grid"
"   11211 (40.711589765256, -73.958176750756)","Industrial","1,046,750","110,438","National Grid"
"   11228 (40.616540714083, -74.013277847395)","Industrial","543,497","57,342","National Grid"
"   11229 (40.601233507321, -73.944368541175)","Small residential","12,866,878","1,357,528","National Grid"
"   11215 (40.665557251366, -73.979681535574)","Large residential","6,712,652","708,222","National Grid"
"   10014 (40.733586451354, -74.010199604728)","Residential","3,950,218","416,770","ConEd"
"   11417 (40.676363730802, -73.844542755344)","Large residential","287,216","30,303","National Grid"
"   11427 (40.729310574324, -73.750676021281)","Commercial","141,057","14,882","National Grid"
"   11423 (40.717222295672, -73.76714149998)","Residential","21,201","2,237","ConEd"
"   11377 (40.745193764481, -73.90484714408)","Institutional","811,937","85,664","National Grid"
"   10019 (40.76761164716, -73.991805500224)","Residential","1,511,255","159,446","ConEd"
"   10012 (40.725538020863, -73.997896410591)","Residential","178,497","18,832","ConEd"
"   11106 (40.761699790013, -73.931663252957)","Commercial","2,708,112","285,721","ConEd"
"   11415 (40.708286075142, -73.828556121568)","Commercial","887","94","ConEd"
"   11209 (40.623387097237, -74.030652953471)","Small residential","9,963,344","1,051,189","National Grid"
"   11428 (40.721396964798, -73.741937297268)","Commercial","65,563","6,917","ConEd"
"   10312 (40.542955977337, -74.180376817236)","Institutional","273,950","28,903","National Grid"
"   11105 (40.780092072491, -73.90960650024)","Commercial","3,603,071","380,144","ConEd"
"   10009 (40.726649358981, -73.979111485007)","Residential","186,224","19,648","ConEd"
"   10002 (40.716121467931, -73.985831470246)","Commercial","12,107,072","1,277,364","ConEd"
"   10459 (40.825526216162, -73.893131067844)","Large Residential","62,003","6,542","ConEd"
"   11224 (40.576304656335, -73.999532000401)","Institutional","455,120","48,018","National Grid"
"   10471 (40.901994423104, -73.903626500562)","Commercial","2,240,882","236,426","ConEd"
"   10038 (40.709359291898, -74.003071862376)","Commercial","1,452,146","153,210","ConEd"
"   10037 (40.813297761083, -73.937282525568)","Commercial","2,164,822","228,401","ConEd"
"   11234 (40.61636866748, -73.927732249743)","Commercial","6,157,277","649,627","National Grid"
"   11421 (40.691764587566, -73.85702228585)","Small residential","7,298,987","770,084","National Grid"
"   10017 (40.752456527447, -73.97297648088)","Large Residential","258,733","27,298","ConEd"
"   10470 (40.900127971928, -73.87122775026)","Commercial","841,945","88,830","ConEd"
"   11236 (40.640021493797, -73.901121939926)","Commercial","3,108,542","327,969","National Grid"
"   11693 (40.618303604728, -73.824955315236)","Commercial","948,937","100,118","National Grid"
"   11422 (40.661613493968, -73.736051726406)","Commercial","519,522","54,812","National Grid"
"   11368 (40.749678220374, -73.853040688577)","Small residential","11,110,386","1,172,208","National Grid"
"   11370 (40.75935377086, -73.8918440004)","Large residential","1,074,379","113,353","National Grid"
"   11252 (40.607934094183, -74.02694266727)","Institutional","301,262","31,785","National Grid"
"   10019 (40.76761164716, -73.991805500224)","Commercial","2,660","281","ConEd"
"   11385 (40.701224891615, -73.88334858437)","Small residential","15,255,284","1,609,518","National Grid"
"   10027 (40.811549564461, -73.952900335682)","Residential","331,029","34,925","ConEd"
"   10281 (40.714330000429, -74.015196999742)","Commercial","34,332","3,622","ConEd"
"   11217 (40.682312101322, -73.979567188575)","Small residential","4,615,326","486,943","National Grid"
"   10460 (40.843090348041, -73.87860282506)","Large Residential","121,201","12,787","ConEd"
"   11216 (40.680758670876, -73.949267750906)","Industrial","50,669","5,346","National Grid"
"   11426 (40.737041384952, -73.724156998946)","Residential","233,178","24,602","ConEd"
"   10451 (40.820696407114, -73.923841367985)","Residential","697,652","73,606","ConEd"
"   10301 (40.626785508445, -74.096112910882)","Large residential","3,780,433","398,857","National Grid"
"   11209 (40.623387097237, -74.030652953471)","Large residential","10,004,300","1,055,510","National Grid"
"   11205 (40.693882095283, -73.964334507731)","Institutional","566,498","59,769","National Grid"
"   10128 (40.781770000585, -73.95062814907)","Residential","263,835","27,836","ConEd"
"   11357 (40.786284041475, -73.811232061011)","Commercial","1,271,449","134,145","ConEd"
"   10474 (40.810882923108, -73.882356362356)","Residential","114,041","12,032","ConEd"
"   11214 (40.604011809897, -74.000969000119)","Institutional","855,968","90,309","National Grid"
"   10026 (40.803058121635, -73.953342776048)","Residential","2,349,135","247,847","ConEd"
"   10473 (40.817731470931, -73.860537000082)","Commercial","1,408,773","148,633","ConEd"
"   11228 (40.616540714083, -74.013277847395)","Large residential","761,559","80,349","National Grid"
"   11363 (40.772398418252, -73.746797887413)","Commercial","151,243","15,957","ConEd"
"   11207 (40.670802431187, -73.893841150049)","Industrial","1,355,364","142,998","National Grid"
"   10453 (40.852786838342, -73.913426784319)","Residential","1,591,607","167,923","ConEd"
"   11239 (40.64949607998, -73.865524999879)","Large residential","33,558,083","3,540,566","National Grid"
"   11369 (40.763413273704, -73.872378898667)","Commercial","1,994,597","210,441","National Grid"
"   10280 (40.709594512277, -74.020224535534)","Commercial","103,950","10,967","ConEd"
"   10463 (40.881871962821, -73.911207480541)","Residential","1,918,613","202,424","ConEd"
"   11235 (40.578414108824, -73.940260000099)","Large residential","15,358,828","1,620,442","National Grid"
"   10012 (40.725538020863, -73.997896410591)","Commercial","3,676,344","387,875","ConEd"
"   10475 (40.874142343794, -73.827068565562)","Residential","9,204","971","ConEd"
"   11218 (40.64322700852, -73.976448622106)","Industrial","441,018","46,530","National Grid"
"   10466 (40.890809730185, -73.846009063068)","Commercial","2,343,491","247,251","ConEd"
"   11360 (40.780701334399, -73.782267336868)","Residential","45,219","4,771","ConEd"
"   11224 (40.576304656335, -73.999532000401)","Large residential","36,143,134","3,813,303","National Grid"
"   11418 (40.696370412365, -73.840310249918)","Large residential","1,398,053","147,502","National Grid"
"   10281 (40.714330000429, -74.015196999742)","Commercial","37,094","3,914","ConEd"
"   10305 (40.596184688173, -74.075072384883)","Institutional","8,441,661","890,643","National Grid"
"   11101 (40.745702449808, -73.938669029252)","Commercial","7,992,026","843,203","ConEd"
"   11372 (40.751630739367, -73.883612545283)","Industrial","48,106","5,075","National Grid"
"   10473 (40.817731470931, -73.860537000082)","Residential","233,862","24,674","ConEd"
"   11432 (40.71311535449, -73.792820999789)","Institutional","1,307,797","137,980","National Grid"
"   10020 (40.759498513146, -73.980074397216)","Commercial","194,595","20,531","ConEd"
"   11214 (40.604011809897, -74.000969000119)","Industrial","285,392","30,110","National Grid"
"   11371 (40.775567374635, -73.870865499743)","Institutional","1,065,320","112,397","National Grid"
"   10004 (40.688827825344, -74.019112505837)","Commercial","1,726,800","182,187","ConEd"
"   11378 (40.721453104977, -73.908543500682)","Industrial","2,809,327","296,400","National Grid"
"   11433 (40.698104881735, -73.787574033914)","Large residential","5,080,122","535,981","National Grid"
"   10454 (40.805846930092, -73.916285046518)","Commercial","2,249,303","237,314","ConEd"
"   11434 (40.676945262114, -73.775306901692)","Commercial","2,955,224","311,793","National Grid"
"   11435 (40.701192649122, -73.809796655791)","Commercial","79,476","8,385","ConEd"
"   11427 (40.729310574324, -73.750676021281)","Large residential","2,347,279","247,651","National Grid"
"   11358 (40.760350968822, -73.796326458199)","Commercial","1,898,565","200,309","ConEd"
"   11256 (40.662351000099, -73.860115000407)","Institutional","277,857","29,315","National Grid"
"   10472 (40.829730432513, -73.870132131393)","Commercial","1,887,751","199,168","ConEd"
"   10027 (40.811549564461, -73.952900335682)","Commercial","25,473","2,688","ConEd"
"   11422 (40.661613493968, -73.736051726406)","Large residential","149,873","15,812","National Grid"
"   11412 (40.698127117473, -73.759235198346)","Large residential","151,333","15,966","National Grid"
"   11427 (40.729310574324, -73.750676021281)","Large Residential","1,587,862","167,528","ConEd"
"   10036 (40.759346827194, -73.989860554421)","Large Residential","395,037","41,679","ConEd"
"   10001 (40.750259021437, -73.99688630376)","Residential","1,476,126","155,740","ConEd"
"   10030 (40.818435176043, -73.942765303576)","Commercial","4,456,113","470,145","ConEd"
"   11104 (40.744893366636, -73.920541345307)","Residential","329,490","34,763","ConEd"
"   11237 (40.704095739827, -73.920994233997)","Industrial","2,133,783","225,126","National Grid"
"   11356 (40.784928096754, -73.841810700403)","Residential","268,003","28,276","ConEd"
"   10044 (40.761976486226, -73.949999674945)","Commercial","1,496,982","157,940","ConEd"
"   11374 (40.726464917022, -73.861480847563)","Commercial","1,938,527","204,525","National Grid"
"   11201 (40.694678258795, -73.989920868353)","Commercial","13,571,483","1,431,867","National Grid"
"   10065 (40.764301213031, -73.963039935445)","Commercial","2,130,613","224,792","ConEd"
"   11221 (40.691288039511, -73.927617927925)","Commercial","1,761,754","185,875","National Grid"
"   11212 (40.662797169953, -73.912984894337)","Small residential","7,377,894","778,409","National Grid"
"   10314 (40.596490302985, -74.165991118795)","Large residential","2,046,659","215,934","National Grid"
"   10307 (40.508004527487, -74.242114281948)","Institutional","163,208","17,219","National Grid"
"   11235 (40.578414108824, -73.940260000099)","Institutional","2,091,533","220,668","National Grid"
"   11201 (40.694678258795, -73.989920868353)","Industrial","3,887,016","410,102","National Grid"
"   11430 (40.647229326173, -73.786374952542)","Commercial","7,251,275","765,050","National Grid"
"   11222 (40.728253121784, -73.947159783197)","Industrial","1,309,400","138,149","National Grid"
"   11418 (40.696370412365, -73.840310249918)","Commercial","1,462,567","154,309","National Grid"
"   11423 (40.717222295672, -73.76714149998)","Industrial","194,292","20,499","National Grid"
"   10036 (40.759346827194, -73.989860554421)","Residential","73,600","7,765","ConEd"
"   11001 (40.721390004945, -73.707396928425)","Residential","703,063","74,177","ConEd"
"   10016 (40.745242969987, -73.978232985864)","Large Residential","87,331","9,214","ConEd"
"   11432 (40.71311535449, -73.792820999789)","Residential","1,830,443","193,122","ConEd"
"   10001 (40.750259021437, -73.99688630376)","Residential","58,338","6,155","ConEd"
"   11423 (40.717222295672, -73.76714149998)","Commercial","23","2","ConEd"
"   10034 (40.870617109292, -73.924223258796)","Residential","473,019","49,906","ConEd"
"   11218 (40.64322700852, -73.976448622106)","Large residential","8,839,578","932,625","National Grid"
"   11416 (40.684578097002, -73.849601668482)","Large residential","138,988","14,664","National Grid"
"   10452 (40.837724263364, -73.923332211412)","Residential","986,430","104,074","ConEd"
"   10033 (40.856219929206, -73.945859000193)","Residential","628,133","66,272","ConEd"
"   11356 (40.784928096754, -73.841810700403)","Commercial","2,415,327","254,831","ConEd"
"   10475 (40.874142343794, -73.827068565562)","Commercial","755,111","79,668","ConEd"
"   11223 (40.596939623165, -73.973311472047)","Institutional","1,093,448","115,365","National Grid"
"   10035 (40.793817035428, -73.919317500202)","Commercial","2,154,540","227,316","ConEd"
"   11421 (40.691764587566, -73.85702228585)","Institutional","154,578","16,309","National Grid"
"   11238 (40.67886241347, -73.963820469639)","Commercial","2,045,915","215,855","National Grid"
"   10303 (40.633032309993, -74.16834884982)","Commercial","1,062,619","112,112","National Grid"
"   11413 (40.669711181226, -73.750873933285)","Commercial","639,059","67,424","National Grid"
"   11204 (40.619055848049, -73.984798598876)","Small residential","14,470,621","1,526,732","National Grid"
"   11363 (40.772398418252, -73.746797887413)","Residential","1,706,804","180,077","ConEd"
"   11238 (40.67886241347, -73.963820469639)","Institutional","1,006,041","106,143","National Grid"
"   11357 (40.786284041475, -73.811232061011)","Residential","324,086","34,193","ConEd"
"   11419 (40.688713790409, -73.822888330532)","Large residential","221,654","23,386","National Grid"
"   10022 (40.758630224006, -73.96809182218)","Commercial","2,849,019","300,587","ConEd"
"   10027 (40.811549564461, -73.952900335682)","Commercial","2,931,338","309,273","ConEd"
"   11375 (40.72070726303, -73.846284296083)","Industrial","483,373","50,999","National Grid"
"   11239 (40.64949607998, -73.865524999879)","Small residential","187,050","19,735","National Grid"
"   10003 (40.731943947555, -73.98887214913)","Residential","260,502","27,484","ConEd"
"   10012 (40.725538020863, -73.997896410591)","Commercial","2,987,748","315,224","ConEd"
"   11375 (40.72070726303, -73.846284296083)","Large residential","15,937,171","1,681,461","National Grid"
"   11217 (40.682312101322, -73.979567188575)","Large residential","7,818,509","824,896","National Grid"
"   10461 (40.846960590359, -73.840632836736)","Commercial","3,065,943","323,474","ConEd"
"   11379 (40.71679766548, -73.879334213103)","Industrial","168,135","17,739","National Grid"
"   10310 (40.632789000212, -74.11645860538)","Institutional","256,154","27,026","National Grid"
"   10304 (40.591229442585, -74.111328000087)","Commercial","1,445,743","152,534","National Grid"
"   10471 (40.901994423104, -73.903626500562)","Residential","128,800","13,589","ConEd"
"   11236 (40.640021493797, -73.901121939926)","Small residential","19,201,617","2,025,878","National Grid"
"   10312 (40.542955977337, -74.180376817236)","Commercial","1,174,629","123,930","National Grid"
"   10282 (40.719614557066, -74.014649282938)","Commercial","1,704,836","179,870","ConEd"
"   11419 (40.688713790409, -73.822888330532)","Industrial","95,925","10,121","National Grid"
"   11109 (40.744414792409, -73.957702346686)","Commercial","45,899","4,843","ConEd"
"   11362 (40.759074216602, -73.734300177111)","Residential","2,911,498","307,179","ConEd"
"   11222 (40.728253121784, -73.947159783197)","Large residential","3,928,747","414,505","National Grid"
"   11427 (40.729310574324, -73.750676021281)","Commercial","661,448","69,786","ConEd"
"   11215 (40.665557251366, -73.979681535574)","Commercial","5,232,962","552,107","National Grid"
"   11212 (40.662797169953, -73.912984894337)","Commercial","1,796,469","189,538","National Grid"
"   10007 (40.713630519433, -74.009131383706)","Residential","605,082","63,840","ConEd"
"   10029 (40.791610720558, -73.944032281065)","Residential","1,856,481","195,869","ConEd"
"   10045 (40.70786499997, -74.008144000046)","Commercial","16,246","1,714","ConEd"
"   10037 (40.813297761083, -73.937282525568)","Residential","33,817","3,568","ConEd"
"   11370 (40.75935377086, -73.8918440004)","Residential","1,414","149","ConEd"
"   11433 (40.698104881735, -73.787574033914)","Small residential","5,792,993","611,193","National Grid"
"   10455 (40.813535754971, -73.905355252043)","Residential","226,661","23,914","ConEd"
"   10469 (40.868181802748, -73.846568687795)","Commercial","8,063,164","850,709","ConEd"
"   10019 (40.76761164716, -73.991805500224)","Commercial","12,204,102","1,287,601","ConEd"
"   11219 (40.632772955408, -73.996676811186)","Commercial","2,866,327","302,414","National Grid"
"   11040 (40.745299961824, -73.679631932268)","Residential","17,466","1,843","ConEd"
"   11419 (40.688713790409, -73.822888330532)","Commercial","1,174,701","123,938","National Grid"
"   10033 (40.856219929206, -73.945859000193)","Commercial","1,766,048","186,328","ConEd"
"   11412 (40.698127117473, -73.759235198346)","Commercial","522,819","55,160","National Grid"
"   10007 (40.713630519433, -74.009131383706)","Residential","12,845","1,355","ConEd"
"   10006 (40.708256140309, -74.013553569641)","Commercial","1,361,410","143,636","ConEd"
"   11103 (40.762868930257, -73.91327185811)","Commercial","2,788,104","294,161","ConEd"
"   10472 (40.829730432513, -73.870132131393)","Residential","2,650,312","279,623","ConEd"
"   11358 (40.760350968822, -73.796326458199)","Commercial","2,357,195","248,697","ConEd"
"   11361 (40.764188848137, -73.7723255286)","Commercial","2,049,571","216,241","ConEd"
"   10024 (40.783625568166, -73.966539000574)","Commercial","926","98","ConEd"
"   11417 (40.676363730802, -73.844542755344)","Institutional","196,503","20,732","National Grid"
"   10017 (40.752456527447, -73.97297648088)","Residential","168,035","17,729","ConEd"
"   11225 (40.663170058551, -73.953701109119)","Institutional","1,222,964","129,030","National Grid"
"   11109 (40.744414792409, -73.957702346686)","Residential","175,063","18,470","ConEd"
"   11372 (40.751630739367, -73.883612545283)","Commercial","3,234,761","341,285","National Grid"
"   10455 (40.813535754971, -73.905355252043)","Residential","1,650,436","174,130","ConEd"
"   11432 (40.71311535449, -73.792820999789)","Residential","77,137","8,138","ConEd"
"   11432 (40.71311535449, -73.792820999789)","Large Residential","2,212,791","233,462","ConEd"
"   11101 (40.745702449808, -73.938669029252)","Commercial","9,475,891","999,760","ConEd"
"   11429 (40.709913120494, -73.738640316098)","Commercial","755","80","ConEd"
"   11433 (40.698104881735, -73.787574033914)","Commercial","1,531,565","161,589","National Grid"
"   11417 (40.676363730802, -73.844542755344)","Industrial","47,683","5,031","National Grid"
"   11205 (40.693882095283, -73.964334507731)","Commercial","4,023,498","424,502","National Grid"
"   11205 (40.693882095283, -73.964334507731)","Large residential","11,356,025","1,198,124","National Grid"
"   10014 (40.733586451354, -74.010199604728)","Commercial","6,034,243","636,646","ConEd"
"   11356 (40.784928096754, -73.841810700403)","Residential","2,618,017","276,215","ConEd"
"   11691 (40.600614338481, -73.762567774683)","Commercial","7,506,142","791,940","National Grid"
"   10016 (40.745242969987, -73.978232985864)","Commercial","3,446,607","363,636","ConEd"
"   10467 (40.877047912132, -73.871532500824)","Commercial","10,790,922","1,138,503","ConEd"
"   10027 (40.811549564461, -73.952900335682)","Commercial","11,932,340","1,258,929","ConEd"
"   11239 (40.64949607998, -73.865524999879)","Institutional","274,144","28,924","National Grid"
"   10039 (40.826681928628, -73.937770907801)","Commercial","430,554","45,426","ConEd"
"   11040 (40.745299961824, -73.679631932268)","Residential","378,066","39,888","ConEd"
"   10464 (40.875709096797, -73.812297250418)","Residential","46,873","4,945","ConEd"
"   10128 (40.781770000585, -73.95062814907)","Commercial","32,026","3,379","ConEd"
"   10459 (40.825526216162, -73.893131067844)","Residential","317,074","33,453","ConEd"
"   10040 (40.858095531883, -73.929255489949)","Commercial","1,511,169","159,437","ConEd"
"   10013 (40.721242188776, -74.008889000227)","Commercial","6,067,132","640,116","ConEd"
"   11374 (40.726464917022, -73.861480847563)","Institutional","328,460","34,654","National Grid"
"   11206 (40.701912016826, -73.942379198541)","Institutional","2,486,776","262,369","National Grid"
"   10312 (40.542955977337, -74.180376817236)","Industrial","13,482","1,422","National Grid"
"   11367 (40.730323085042, -73.82610630716)","Commercial","970,445","102,387","ConEd"
"   11413 (40.669711181226, -73.750873933285)","Institutional","394,872","41,661","National Grid"
"   11222 (40.728253121784, -73.947159783197)","Small residential","4,373,864","461,467","National Grid"
"   11233 (40.678130438169, -73.919776475504)","Large residential","10,673,659","1,126,131","National Grid"
"   11214 (40.604011809897, -74.000969000119)","Large residential","7,906,290","834,158","National Grid"
"   11104 (40.744893366636, -73.920541345307)","Residential","1,153,072","121,656","ConEd"
"   11435 (40.701192649122, -73.809796655791)","Large residential","4,902,151","517,204","National Grid"
"   11040 (40.745299961824, -73.679631932268)","Large Residential","3,364,311","354,954","ConEd"
"   11428 (40.721396964798, -73.741937297268)","Residential","69,640","7,347","ConEd"
"   11230 (40.621929510239, -73.965511060187)","Institutional","3,604,096","380,252","National Grid"
"   11375 (40.72070726303, -73.846284296083)","Institutional","283,731","29,935","National Grid"
"   10026 (40.803058121635, -73.953342776048)","Commercial","5,647,551","595,848","ConEd"
"   11422 (40.661613493968, -73.736051726406)","Institutional","240,378","25,361","National Grid"
"   11238 (40.67886241347, -73.963820469639)","Large residential","9,649,474","1,018,074","National Grid"
"   10001 (40.750259021437, -73.99688630376)","Large Residential","3,616,905","381,604","ConEd"
"   11385 (40.701224891615, -73.88334858437)","Commercial","3,526,058","372,019","National Grid"
"   11368 (40.749678220374, -73.853040688577)","Institutional","1,001,098","105,621","National Grid"
"   11365 (40.739871843711, -73.794621535156)","Residential","222,234","23,447","ConEd"
"   11370 (40.75935377086, -73.8918440004)","Commercial","1,119,225","118,085","National Grid"
"   11354 (40.768620220647, -73.827190280707)","Commercial","7,628,542","804,854","ConEd"
"   11233 (40.678130438169, -73.919776475504)","Commercial","1,223,131","129,047","National Grid"
"   11378 (40.721453104977, -73.908543500682)","Commercial","3,345,377","352,956","National Grid"
"   11106 (40.761699790013, -73.931663252957)","Large Residential","66,963","7,065","ConEd"
"   10473 (40.817731470931, -73.860537000082)","Residential","3,609,517","380,824","ConEd"
"   10034 (40.870617109292, -73.924223258796)","Commercial","1,961,050","206,902","ConEd"
"   10462 (40.842258336653, -73.857996632938)","Commercial","3,712,204","391,658","ConEd"
"   11413 (40.669711181226, -73.750873933285)","Industrial","387,601","40,894","National Grid"
"   11421 (40.691764587566, -73.85702228585)","Large residential","1,299,205","137,073","National Grid"
"   10456 (40.830436680009, -73.907765199504)","Commercial","14,583,516","1,538,643","ConEd"
"   10451 (40.820696407114, -73.923841367985)","Large Residential","3,433,811","362,286","ConEd"
"   10458 (40.862601328688, -73.884790015047)","Residential","1,068,746","112,759","ConEd"
"   11417 (40.676363730802, -73.844542755344)","Small residential","6,605,848","696,954","National Grid"
"   10028 (40.776344978838, -73.952966679569)","Commercial","2,078","219","ConEd"
"   10472 (40.829730432513, -73.870132131393)","Residential","827,862","87,344","ConEd"
"   11416 (40.684578097002, -73.849601668482)","Industrial","141,055","14,882","National Grid"
"   11239 (40.64949607998, -73.865524999879)","Commercial","487,427","51,426","National Grid"
"   10035 (40.793817035428, -73.919317500202)","Residential","126,399","13,336","ConEd"
"   10025 (40.796850127631, -73.963725810598)","Large Residential","3,058,952","322,737","ConEd"
"   10452 (40.837724263364, -73.923332211412)","Commercial","8,504,273","897,248","ConEd"
"   10002 (40.716121467931, -73.985831470246)","Residential","550,055","58,034","ConEd"
"   11377 (40.745193764481, -73.90484714408)","Commercial","358,163","37,788","ConEd"
"   11435 (40.701192649122, -73.809796655791)","Residential","6,659","703","ConEd"
"   10301 (40.626785508445, -74.096112910882)","Commercial","2,358,335","248,818","National Grid"
"   11102 (40.771524024514, -73.926435450735)","Commercial","3,509,357","370,257","ConEd"
"   11203 (40.649721601171, -73.934276085673)","Industrial","268,262","28,303","National Grid"
"   10005 (40.706125792072, -74.008584685835)","Residential","27,868","2,940","ConEd"
"   10023 (40.774536138232, -73.979943356101)","Residential","243,744","25,716","ConEd"
"   11354 (40.768620220647, -73.827190280707)","Residential","299,334","31,581","ConEd"
"   10472 (40.829730432513, -73.870132131393)","Commercial","5,479,605","578,129","ConEd"
"   11230 (40.621929510239, -73.965511060187)","Industrial","101,877","10,749","National Grid"
"   10464 (40.875709096797, -73.812297250418)","Commercial","75","8","ConEd"
"   11236 (40.640021493797, -73.901121939926)","Industrial","805,099","84,942","National Grid"
"   11232 (40.654511617018, -74.000033929122)","Institutional","1,847,474","194,919","National Grid"
"   11219 (40.632772955408, -73.996676811186)","Industrial","3,101,780","327,255","National Grid"
"   11217 (40.682312101322, -73.979567188575)","Commercial","2,720,173","286,993","National Grid"
"   10474 (40.810882923108, -73.882356362356)","Commercial","2,094,768","221,010","ConEd"
"   11435 (40.701192649122, -73.809796655791)","Commercial","2,935,798","309,743","National Grid"
"   11433 (40.698104881735, -73.787574033914)","Institutional","1,519,465","160,312","National Grid"
"   11226 (40.646505002304, -73.957190099144)","Institutional","994,926","104,970","National Grid"
"   11370 (40.75935377086, -73.8918440004)","Industrial","37,449","3,951","National Grid"
"   10004 (40.688827825344, -74.019112505837)","Commercial","1,326,154","139,917","ConEd"
"   11364 (40.74592468038, -73.757902755608)","Residential","4,453,633","469,883","ConEd"
"   11224 (40.576304656335, -73.999532000401)","Small residential","2,671,212","281,828","National Grid"
"   10458 (40.862601328688, -73.884790015047)","Commercial","4,109,461","433,571","ConEd"
"   10306 (40.566020489654, -74.119945669057)","Commercial","1,794,789","189,360","National Grid"
"   10025 (40.796850127631, -73.963725810598)","Residential","507,504","53,545","ConEd"
"   11237 (40.704095739827, -73.920994233997)","Large residential","4,718,001","497,776","National Grid"
"   11237 (40.704095739827, -73.920994233997)","Commercial","2,600,827","274,402","National Grid"
"   11418 (40.696370412365, -73.840310249918)","Institutional","726,983","76,701","National Grid"
"   11428 (40.721396964798, -73.741937297268)","Commercial","596,996","62,986","National Grid"
"   11203 (40.649721601171, -73.934276085673)","Small residential","13,346,866","1,408,169","National Grid"
"   10314 (40.596490302985, -74.165991118795)","Small residential","19,041,165","2,008,950","National Grid"
"   11228 (40.616540714083, -74.013277847395)","Institutional","278,441","29,377","National Grid"
"   11220 (40.641184928741, -74.016764726711)","Industrial","2,234,971","235,802","National Grid"
"   11235 (40.578414108824, -73.940260000099)","Commercial","3,818,158","402,837","National Grid"
"   10038 (40.709359291898, -74.003071862376)","Commercial","4,135,128","436,279","ConEd"
"   10466 (40.890809730185, -73.846009063068)","Large Residential","1,382,332","145,844","ConEd"
"   11357 (40.786284041475, -73.811232061011)","Commercial","2,399,589","253,170","ConEd"
"   10033 (40.856219929206, -73.945859000193)","Residential","658,126","69,436","ConEd"
"   11370 (40.75935377086, -73.8918440004)","Commercial","84,349","8,899","ConEd"
"   10459 (40.825526216162, -73.893131067844)","Commercial","1,859,762","196,215","ConEd"
"   10080 (40.71445199976, -74.015474999971)","Commercial","359","38","ConEd"
"   10461 (40.846960590359, -73.840632836736)","Large Residential","9,651,221","1,018,258","ConEd"
"   11207 (40.670802431187, -73.893841150049)","Commercial","3,104,972","327,592","National Grid"
"   11427 (40.729310574324, -73.750676021281)","Institutional","219,049","23,111","National Grid"
"   11432 (40.71311535449, -73.792820999789)","Small residential","5,707,516","602,175","National Grid"
"   11222 (40.728253121784, -73.947159783197)","Institutional","2,368,948","249,937","National Grid"
"   10314 (40.596490302985, -74.165991118795)","Commercial","42,747,652","4,510,117","National Grid"
"   10013 (40.721242188776, -74.008889000227)","Large Residential","1,137,066","119,967","ConEd"
"   11428 (40.721396964798, -73.741937297268)","Institutional","196,563","20,738","National Grid"
"   11355 (40.751299796948, -73.821478547897)","Commercial","4,323,496","456,153","ConEd"
"   11208 (40.674013182662, -73.872064930052)","Commercial","2,729,613","287,989","National Grid"
"   11220 (40.641184928741, -74.016764726711)","Commercial","5,007,824","528,353","National Grid"
"   11103 (40.762868930257, -73.91327185811)","Residential","2,853,904","301,103","ConEd"
"   10451 (40.820696407114, -73.923841367985)","Residential","259,959","27,427","ConEd"
"   10010 (40.739140782121, -73.982898456399)","Commercial","3,814,933","402,497","ConEd"
"   11377 (40.745193764481, -73.90484714408)","Industrial","705,930","74,480","National Grid"
"   11372 (40.751630739367, -73.883612545283)","Institutional","367,432","38,766","National Grid"
"   11207 (40.670802431187, -73.893841150049)","Small residential","12,107,357","1,277,394","National Grid"
"   10463 (40.881871962821, -73.911207480541)","Residential","507,053","53,497","ConEd"
"   10014 (40.733586451354, -74.010199604728)","Commercial","17,212","1,816","ConEd"
"   11366 (40.728164407262, -73.792268173937)","Commercial","636,236","67,126","ConEd"
"   11214 (40.604011809897, -74.000969000119)","Commercial","3,050,502","321,845","National Grid"
"   11434 (40.676945262114, -73.775306901692)","Institutional","2,215,716","233,770","National Grid"
"   11411 (40.694293339066, -73.735683291251)","Large residential","45,368","4,787","National Grid"
"   11366 (40.728164407262, -73.792268173937)","Small residential","6,521","688","National Grid"
"   10304 (40.591229442585, -74.111328000087)","Large residential","3,415,047","360,307","National Grid"
"   11423 (40.717222295672, -73.76714149998)","Institutional","508,795","53,681","National Grid"
"   11222 (40.728253121784, -73.947159783197)","Commercial","3,484,625","367,647","National Grid"
"   11206 (40.701912016826, -73.942379198541)","Large residential","22,360,022","2,359,108","National Grid"
"   10460 (40.843090348041, -73.87860282506)","Commercial","7,936,792","837,376","ConEd"
"   11239 (40.64949607998, -73.865524999879)","Industrial","11,771","1,242","National Grid"
"   10028 (40.776344978838, -73.952966679569)","Commercial","4,496,346","474,390","ConEd"
"   11434 (40.676945262114, -73.775306901692)","Industrial","284,067","29,971","National Grid"
"   11430 (40.647229326173, -73.786374952542)","Small residential","9,195","970","National Grid"
"   10065 (40.764301213031, -73.963039935445)","Large Residential","10,486,338","1,106,367","ConEd"
"   10023 (40.774536138232, -73.979943356101)","Commercial","10,588,895","1,117,188","ConEd"
"   10302 (40.630833311108, -74.137734298699)","Commercial","1,185,147","125,040","National Grid"
"   11415 (40.708286075142, -73.828556121568)","Residential","1,303","137","ConEd"
"   11102 (40.771524024514, -73.926435450735)","Large Residential","79,519","8,390","ConEd"
"   10028 (40.776344978838, -73.952966679569)","Large Residential","420,403","44,355","ConEd"
"   11373 (40.738710402563, -73.878351155182)","Commercial","3,054,489","322,266","National Grid"
"   11367 (40.730323085042, -73.82610630716)","Residential","2,905,831","306,581","ConEd"
"   11040 (40.745299961824, -73.679631932268)","Commercial","42,315","4,464","ConEd"
"   11355 (40.751299796948, -73.821478547897)","Commercial","5,137,322","542,016","ConEd"
"   11420 (40.673345242689, -73.817707171649)","Large residential","108,873","11,487","National Grid"
"   10018 (40.756840774582, -73.996691499813)","Residential","476,865","50,312","ConEd"
"   11211 (40.711589765256, -73.958176750756)","Residential",,,"ConEd"
"   11370 (40.75935377086, -73.8918440004)","Residential","24,585","2,594","ConEd"
"   11359 (40.791592466119, -73.776938368111)","Commercial","128","13","ConEd"
"   11355 (40.751299796948, -73.821478547897)","Large Residential","2,632,163","277,708","ConEd"
"   11692 (40.59313388562, -73.795402084638)","Commercial","777,179","81,997","National Grid"
"   11213 (40.671225169206, -73.936443366368)","Industrial","24,515","2,586","National Grid"
"   11208 (40.674013182662, -73.872064930052)","Institutional","2,265,878","239,063","National Grid"
"   10011 (40.744715266696, -74.00460000029)","Residential","4,029,369","425,121","ConEd"
"   10014 (40.733586451354, -74.010199604728)","Residential","213,234","22,497","ConEd"
"   10011 (40.744715266696, -74.00460000029)","Commercial","4,672,054","492,928","ConEd"
"   10028 (40.776344978838, -73.952966679569)","Commercial","1,684,068","177,679","ConEd"
"   10010 (40.739140782121, -73.982898456399)","Residential","61,263","6,464","ConEd"
"   11230 (40.621929510239, -73.965511060187)","Commercial","2,318,028","244,565","National Grid"
"   11203 (40.649721601171, -73.934276085673)","Commercial","2,692,298","284,053","National Grid"
"   11224 (40.576304656335, -73.999532000401)","Industrial","101,615","10,721","National Grid"
"   10469 (40.868181802748, -73.846568687795)","Residential","623,043","65,734","ConEd"
"   10467 (40.877047912132, -73.871532500824)","Residential","1,242,679","131,110","ConEd"
"   11004 (40.743237834359, -73.712015000192)","Large Residential","3,975,637","419,452","ConEd"
"   11242 (40.693150000372, -73.991029000388)","Commercial","147,434","15,555","National Grid"
"   11104 (40.744893366636, -73.920541345307)","Commercial","1,377,109","145,293","ConEd"
"   10030 (40.818435176043, -73.942765303576)","Commercial","879,734","92,817","ConEd"
"   11411 (40.694293339066, -73.735683291251)","Commercial","262,173","27,661","National Grid"
"   10006 (40.708256140309, -74.013553569641)","Residential","2,076","219","ConEd"
"   10021 (40.769205327664, -73.959183941086)","Residential","185,761","19,599","ConEd"
"   11225 (40.663170058551, -73.953701109119)","Large residential","12,401,180","1,308,394","National Grid"
"   11209 (40.623387097237, -74.030652953471)","Industrial","29,677","3,131","National Grid"
"   10308 (40.552935295428, -74.151302759814)","Industrial","4,178","441","National Grid"
"   11412 (40.698127117473, -73.759235198346)","Small residential","9,127,477","963,000","National Grid"
"   10025 (40.796850127631, -73.963725810598)","Commercial","2,954,498","311,716","ConEd"
"   11366 (40.728164407262, -73.792268173937)","Commercial","4,025","425","ConEd"
"   11371 (40.775567374635, -73.870865499743)","Commercial","1,381,802","145,788","National Grid"
"   10028 (40.776344978838, -73.952966679569)","Residential","238,163","25,128","ConEd"
"   11433 (40.698104881735, -73.787574033914)","Industrial","2,449,515","258,438","National Grid"
"   10014 (40.733586451354, -74.010199604728)","Large Residential","182,728","19,279","ConEd"
"   10453 (40.852786838342, -73.913426784319)","Residential","785,354","82,859","ConEd"
"   10021 (40.769205327664, -73.959183941086)","Commercial","3,187,154","336,263","ConEd"
"   11220 (40.641184928741, -74.016764726711)","Small residential","10,755,271","1,134,741","National Grid"
"   10003 (40.731943947555, -73.98887214913)","Residential","3,229,606","340,742","ConEd"
"   11366 (40.728164407262, -73.792268173937)","Residential","2,205,608","232,704","ConEd"
"   10036 (40.759346827194, -73.989860554421)","Residential","1,350,797","142,517","ConEd"
"   10012 (40.725538020863, -73.997896410591)","Residential","2,706,972","285,601","ConEd"
"   10472 (40.829730432513, -73.870132131393)","Large Residential","17,374","1,833","ConEd"
"   11366 (40.728164407262, -73.792268173937)","Commercial","1,151,855","121,527","ConEd"
"   10311 (40.607540999617, -74.171058999973)","Institutional","18,255","1,926","National Grid"
"   11208 (40.674013182662, -73.872064930052)","Industrial","1,481,393","156,295","National Grid"
"   11211 (40.711589765256, -73.958176750756)","Commercial","4,822,516","508,802","National Grid"
"   11204 (40.619055848049, -73.984798598876)","Industrial","162,329","17,127","National Grid"
"   10037 (40.813297761083, -73.937282525568)","Commercial","590,552","62,307","ConEd"
"   11439 (40.72192479939, -73.794555132813)","Commercial","3,739","395","ConEd"
"   10038 (40.709359291898, -74.003071862376)","Large Residential","217,207","22,917","ConEd"
"   10310 (40.632789000212, -74.11645860538)","Large residential","1,270,998","134,097","National Grid"
"   10069 (40.778254000322, -73.988541999913)","Commercial","791,481","83,506","ConEd"
"   10040 (40.858095531883, -73.929255489949)","Large Residential","186,062","19,631","ConEd"
"   10468 (40.869693003729, -73.898926992487)","Commercial","7,690","811","ConEd"
"   11103 (40.762868930257, -73.91327185811)","Residential","454,090","47,909","ConEd"
"   11225 (40.663170058551, -73.953701109119)","Commercial","1,296,975","136,838","National Grid"
"   11215 (40.665557251366, -73.979681535574)","Industrial","1,488,168","157,010","National Grid"
"   11223 (40.596939623165, -73.973311472047)","Industrial","159,925","16,873","National Grid"
"   10025 (40.796850127631, -73.963725810598)","Commercial","21,864","2,307","ConEd"
"   11695 (40.597608000209, -73.820967000027)","Small residential","6,691","706","National Grid"
"   10460 (40.843090348041, -73.87860282506)","Residential","1,686,599","177,946","ConEd"
"   11203 (40.649721601171, -73.934276085673)","Large residential","5,413,010","571,103","National Grid"
"   11216 (40.680758670876, -73.949267750906)","Small residential","6,780,596","715,391","National Grid"
"   11374 (40.726464917022, -73.861480847563)","Industrial","3,834","405","National Grid"
"   10013 (40.721242188776, -74.008889000227)","Residential","4,372,985","461,374","ConEd"
"   10009 (40.726649358981, -73.979111485007)","Commercial","2,008,255","211,882","ConEd"
"   11379 (40.71679766548, -73.879334213103)","Commercial","1,248,717","131,747","National Grid"
"   11415 (40.708286075142, -73.828556121568)","Large residential","3,021,274","318,761","National Grid"
"   11414 (40.658170228174, -73.844962639814)","Small residential","6,266,456","661,146","National Grid"
"   11208 (40.674013182662, -73.872064930052)","Large residential","17,908,171","1,889,412","National Grid"
"   10002 (40.716121467931, -73.985831470246)","Large Residential","115,301","12,165","ConEd"
"   10462 (40.842258336653, -73.857996632938)","Large Residential","8,264,125","871,912","ConEd"
"   10031 (40.824954205073, -73.950124436094)","Residential","1,748,720","184,500","ConEd"
"   11414 (40.658170228174, -73.844962639814)","Large residential","2,790,928","294,459","National Grid"
"   10022 (40.758630224006, -73.96809182218)","Residential","122,395","12,913","ConEd"
"   11415 (40.708286075142, -73.828556121568)","Small residential","1,700,526","179,415","National Grid"
"   10304 (40.591229442585, -74.111328000087)","Industrial","272,952","28,798","National Grid"
"   10022 (40.758630224006, -73.96809182218)","Commercial","7,987,371","842,712","ConEd"
"   11429 (40.709913120494, -73.738640316098)","Large residential","47,307","4,991","National Grid"
"   11435 (40.701192649122, -73.809796655791)","Commercial","160,509","16,935","ConEd"
"   10462 (40.842258336653, -73.857996632938)","Residential","2,849,924","300,683","ConEd"
"   10468 (40.869693003729, -73.898926992487)","Residential","998,166","105,312","ConEd"
"   11354 (40.768620220647, -73.827190280707)","Large Residential","2,040,792","215,315","ConEd"
"   11417 (40.676363730802, -73.844542755344)","Commercial","777,807","82,063","National Grid"
"   10467 (40.877047912132, -73.871532500824)","Residential","2,670,008","281,701","ConEd"
"   11432 (40.71311535449, -73.792820999789)","Commercial","2,979,507","314,355","National Grid"
"   11420 (40.673345242689, -73.817707171649)","Institutional","2,004,714","211,509","National Grid"
"   11221 (40.691288039511, -73.927617927925)","Institutional","1,174,968","123,966","National Grid"
"   10455 (40.813535754971, -73.905355252043)","Commercial","1,642,415","173,284","ConEd"
"   11228 (40.616540714083, -74.013277847395)","Commercial","881,038","92,954","National Grid"
"   11102 (40.771524024514, -73.926435450735)","Residential","311,766","32,893","ConEd"
"   11433 (40.698104881735, -73.787574033914)","Commercial","26,725","2,820","ConEd"
"   11233 (40.678130438169, -73.919776475504)","Industrial","88,898","9,379","National Grid"
"   10458 (40.862601328688, -73.884790015047)","Residential","1,321,890","139,467","ConEd"
"   10463 (40.881871962821, -73.911207480541)","Commercial","2,174,885","229,463","ConEd"
"   11356 (40.784928096754, -73.841810700403)","Commercial","2,433,066","256,702","ConEd"
"   11231 (40.677554311782, -74.004676704366)","Commercial","3,743,947","395,007","National Grid"
"   11423 (40.717222295672, -73.76714149998)","Commercial","71,779","7,573","ConEd"
"   11101 (40.745702449808, -73.938669029252)","Large Residential","11,435,850","1,206,546","ConEd"
"   11412 (40.698127117473, -73.759235198346)","Industrial","164,379","17,343","National Grid"
"   11354 (40.768620220647, -73.827190280707)","Residential","4,101,823","432,765","ConEd"
"   10010 (40.739140782121, -73.982898456399)","Residential","1,026,844","108,338","ConEd"
"   11357 (40.786284041475, -73.811232061011)","Small residential","589","62","National Grid"
"   11204 (40.619055848049, -73.984798598876)","Large residential","4,614,998","486,908","National Grid"
"   10038 (40.709359291898, -74.003071862376)","Residential","430,776","45,449","ConEd"
"   10462 (40.842258336653, -73.857996632938)","Commercial","2,619,354","276,356","ConEd"
"   11220 (40.641184928741, -74.016764726711)","Institutional","625,816","66,027","National Grid"
"   11232 (40.654511617018, -74.000033929122)","Small residential","2,619,957","276,420","National Grid"
"   11412 (40.698127117473, -73.759235198346)","Institutional","1,496,825","157,923","National Grid"
"   10468 (40.869693003729, -73.898926992487)","Large Residential","2,590,340","273,295","ConEd"
"   11364 (40.74592468038, -73.757902755608)","Small residential","1,463","154","National Grid"
"   10003 (40.731943947555, -73.98887214913)","Large Residential","495,206","52,247","ConEd"
"   10311 (40.607540999617, -74.171058999973)","Commercial","55,290","5,833","National Grid"
"   11419 (40.688713790409, -73.822888330532)","Institutional","150,090","15,835","National Grid"
"   10453 (40.852786838342, -73.913426784319)","Commercial","1,766,420","186,367","ConEd"
"   10307 (40.508004527487, -74.242114281948)","Industrial","1,870","197","National Grid"
"   10035 (40.793817035428, -73.919317500202)","Residential","1,478,698","156,011","ConEd"
"   10019 (40.76761164716, -73.991805500224)","Commercial","5,022,063","529,856","ConEd"
"   11375 (40.72070726303, -73.846284296083)","Commercial","2,724,624","287,463","National Grid"
"   10017 (40.752456527447, -73.97297648088)","Residential","23,970","2,529","ConEd"
"   11208 (40.674013182662, -73.872064930052)","Small residential","12,293,703","1,297,055","National Grid"
"   11369 (40.763413273704, -73.872378898667)","Small residential","5,658,707","597,025","National Grid"
"   10458 (40.862601328688, -73.884790015047)","Commercial","2,860,723","301,822","ConEd"
"   11231 (40.677554311782, -74.004676704366)","Large residential","8,892,620","938,221","National Grid"
"   11201 (40.694678258795, -73.989920868353)","Institutional","4,499,131","474,684","National Grid"
"   10461 (40.846960590359, -73.840632836736)","Commercial","313","33","ConEd"
"   11213 (40.671225169206, -73.936443366368)","Small residential","5,855,036","617,739","National Grid"
"   11371 (40.775567374635, -73.870865499743)","Industrial","1,707","180","National Grid"
"   11429 (40.709913120494, -73.738640316098)","Institutional","1,416,594","149,459","National Grid"
"   11435 (40.701192649122, -73.809796655791)","Industrial","85,671","9,039","National Grid"
"   10009 (40.726649358981, -73.979111485007)","Commercial","8,554,651","902,564","ConEd"
"   10035 (40.793817035428, -73.919317500202)","Commercial","6,691,182","705,957","ConEd"
"   10470 (40.900127971928, -73.87122775026)","Commercial","878,692","92,707","ConEd"
"   10454 (40.805846930092, -73.916285046518)","Commercial","9,709,459","1,024,402","ConEd"
"   11691 (40.600614338481, -73.762567774683)","Small residential","7,887,704","832,197","National Grid"
"   10040 (40.858095531883, -73.929255489949)","Residential","515,640","54,403","ConEd"
"   11218 (40.64322700852, -73.976448622106)","Small residential","9,322,895","983,618","National Grid"
"   10312 (40.542955977337, -74.180376817236)","Small residential","16,356,892","1,725,744","National Grid"
"   10468 (40.869693003729, -73.898926992487)","Commercial","4,380,584","462,176","ConEd"
"   10310 (40.632789000212, -74.11645860538)","Commercial","1,837,495","193,866","National Grid"
"   11427 (40.729310574324, -73.750676021281)","Small residential","2,286,768","241,267","National Grid"
"   11418 (40.696370412365, -73.840310249918)","Small residential","6,229,973","657,297","National Grid"
"   10018 (40.756840774582, -73.996691499813)","Large Residential","526,802","55,581","ConEd"
"   11216 (40.680758670876, -73.949267750906)","Commercial","1,795,793","189,466","National Grid"
"   11354 (40.768620220647, -73.827190280707)","Commercial","7,429,045","783,806","ConEd"
"   10012 (40.725538020863, -73.997896410591)","Commercial","6,584","695","ConEd"
"   11429 (40.709913120494, -73.738640316098)","Small residential","5,893,890","621,838","National Grid"
"   10029 (40.791610720558, -73.944032281065)","Commercial",,,"ConEd"
"   10456 (40.830436680009, -73.907765199504)","Commercial","2,957,732","312,057","ConEd"
"   11373 (40.738710402563, -73.878351155182)","Industrial","159,820","16,862","National Grid"
"   10454 (40.805846930092, -73.916285046518)","Residential","1,001,876","105,704","ConEd"
"   10462 (40.842258336653, -73.857996632938)","Residential","700,617","73,919","ConEd"
"   10039 (40.826681928628, -73.937770907801)","Commercial",,,"ConEd"
"   11229 (40.601233507321, -73.944368541175)","Industrial","141,426","14,921","National Grid"
"   10035 (40.793817035428, -73.919317500202)","Large Residential","1,531,490","161,581","ConEd"
"   10039 (40.826681928628, -73.937770907801)","Commercial","7,605,045","802,375","ConEd"
"   10004 (40.688827825344, -74.019112505837)","Large Residential","5,877","620","ConEd"
"   11368 (40.749678220374, -73.853040688577)","Industrial","508,926","53,695","National Grid"
"   11234 (40.61636866748, -73.927732249743)","Industrial","657,191","69,337","National Grid"
"   11430 (40.647229326173, -73.786374952542)","Institutional","2,611,959","275,576","National Grid"
"   10018 (40.756840774582, -73.996691499813)","Commercial","3,808,435","401,811","ConEd"
"   11102 (40.771524024514, -73.926435450735)","Residential","1,941,012","204,788","ConEd"
"   10471 (40.901994423104, -73.903626500562)","Large Residential","56,954","6,009","ConEd"
"   11362 (40.759074216602, -73.734300177111)","Commercial","647,115","68,274","ConEd"
"   11373 (40.738710402563, -73.878351155182)","Small residential","10,736,218","1,132,731","National Grid"
"   10011 (40.744715266696, -74.00460000029)","Commercial","1,970","208","ConEd"
"   10029 (40.791610720558, -73.944032281065)","Commercial","14,817,079","1,563,285","ConEd"
"   11378 (40.721453104977, -73.908543500682)","Small residential","7,366,479","777,205","National Grid"
"   11210 (40.627722263871, -73.946537919989)","Large residential","6,310,191","665,760","National Grid"
"   11232 (40.654511617018, -74.000033929122)","Large residential","2,048,639","216,143","National Grid"
"   11356 (40.784928096754, -73.841810700403)","Large Residential","11,747","1,239","ConEd"
"   11217 (40.682312101322, -73.979567188575)","Institutional","769,153","81,150","National Grid"
"   11373 (40.738710402563, -73.878351155182)","Large residential","9,562,956","1,008,945","National Grid"
"   10475 (40.874142343794, -73.827068565562)","Residential","359,517","37,931","ConEd"
"   11235 (40.578414108824, -73.940260000099)","Industrial","44,596","4,705","National Grid"
"   11378 (40.721453104977, -73.908543500682)","Institutional","3,127,131","329,930","National Grid"
"   11225 (40.663170058551, -73.953701109119)","Industrial","567,743","59,900","National Grid"
"   10020 (40.759498513146, -73.980074397216)","Commercial","263,276","27,777","ConEd"
"   11379 (40.71679766548, -73.879334213103)","Institutional","337,862","35,646","National Grid"
"   10305 (40.596184688173, -74.075072384883)","Industrial","1,040,978","109,829","National Grid"
"   11436 (40.675718209128, -73.796465014948)","Commercial","275,889","29,108","National Grid"
"   10014 (40.733586451354, -74.010199604728)","Commercial","3,569,148","376,565","ConEd"
"   10029 (40.791610720558, -73.944032281065)","Residential","242,271","25,561","ConEd"
"   10471 (40.901994423104, -73.903626500562)","Commercial","1,183,226","124,837","ConEd"
"   10032 (40.836930349056, -73.949178521971)","Residential","717,065","75,654","ConEd"
"   11211 (40.711589765256, -73.958176750756)","Large residential","12,471,511","1,315,814","National Grid"
"   10303 (40.633032309993, -74.16834884982)","Industrial","27,422","2,893","National Grid"
"   11106 (40.761699790013, -73.931663252957)","Residential","350,151","36,943","ConEd"
"   11423 (40.717222295672, -73.76714149998)","Large residential","1,922,380","202,822","National Grid"
"   11234 (40.61636866748, -73.927732249743)","Large residential","5,240,504","552,903","National Grid"
"   10304 (40.591229442585, -74.111328000087)","Small residential","8,802,763","928,741","National Grid"
"   11213 (40.671225169206, -73.936443366368)","Commercial","1,724,052","181,897","National Grid"
"   11354 (40.768620220647, -73.827190280707)","Small residential","2,080","219","National Grid"
"   11221 (40.691288039511, -73.927617927925)","Small residential","10,226,769","1,078,981","National Grid"
"   10024 (40.783625568166, -73.966539000574)","Commercial","5,356,180","565,107","ConEd"
"   11105 (40.780092072491, -73.90960650024)","Residential","403,403","42,561","ConEd"
"   11226 (40.646505002304, -73.957190099144)","Large residential","19,482,081","2,055,469","National Grid"
"   10075 (40.772939491764, -73.956090162631)","Commercial",,,"ConEd"
"   11368 (40.749678220374, -73.853040688577)","Commercial","4,130,867","435,830","National Grid"
"   11364 (40.74592468038, -73.757902755608)","Large Residential","1,201,058","126,718","ConEd"
"   11367 (40.730323085042, -73.82610630716)","Residential","321,417","33,911","ConEd"
"   10004 (40.688827825344, -74.019112505837)","Residential","54,549","5,755","ConEd"
"   10036 (40.759346827194, -73.989860554421)","Commercial","7,837,223","826,871","ConEd"
"   11040 (40.745299961824, -73.679631932268)","Commercial","1,051,227","110,910","ConEd"
"   11224 (40.576304656335, -73.999532000401)","Commercial","2,484,705","262,150","National Grid"
"   11201 (40.694678258795, -73.989920868353)","Large residential","18,973,029","2,001,761","National Grid"
"   10308 (40.552935295428, -74.151302759814)","Institutional","98,774","10,421","National Grid"
"   11362 (40.759074216602, -73.734300177111)","Residential","85,444","9,015","ConEd"
"   11434 (40.676945262114, -73.775306901692)","Small residential","10,076,855","1,063,165","National Grid"
"   11361 (40.764188848137, -73.7723255286)","Large Residential","446,965","47,157","ConEd"
"   11360 (40.780701334399, -73.782267336868)","Commercial","486,382","51,316","ConEd"
"   11214 (40.604011809897, -74.000969000119)","Small residential","12,807,919","1,351,307","National Grid"
"   11413 (40.669711181226, -73.750873933285)","Large residential","112,283","11,846","National Grid"
"   11415 (40.708286075142, -73.828556121568)","Institutional","580,482","61,244","National Grid"
"   10005 (40.706125792072, -74.008584685835)","Commercial","1,419,854","149,803","ConEd"
"   10024 (40.783625568166, -73.966539000574)","Large Residential","215,638","22,751","ConEd"
"   11413 (40.669711181226, -73.750873933285)","Small residential","10,114,455","1,067,132","National Grid"
"   10469 (40.868181802748, -73.846568687795)","Commercial","2,237,093","236,026","ConEd"
"   11372 (40.751630739367, -73.883612545283)","Small residential","3,273,710","345,395","National Grid"
"   11694 (40.576578305644, -73.850777000558)","Large residential","1,573,127","165,974","National Grid"
"   11361 (40.764188848137, -73.7723255286)","Residential","4,283,479","451,931","ConEd"
"   10069 (40.778254000322, -73.988541999913)","Commercial","2,123,051","223,994","ConEd"
"   10019 (40.76761164716, -73.991805500224)","Large Residential","1,239,760","130,802","ConEd"
"   11365 (40.739871843711, -73.794621535156)","Large residential","4,277","451","National Grid"
"   10475 (40.874142343794, -73.827068565562)","Large Residential","16,694,182","1,761,330","ConEd"
"   10075 (40.772939491764, -73.956090162631)","Large Residential","73,358","7,740","ConEd"
"   10312 (40.542955977337, -74.180376817236)","Large residential","3,034","320","National Grid"
"   10309 (40.530393118348, -74.218938614326)","Commercial","1,195,656","126,148","National Grid"
"   11377 (40.745193764481, -73.90484714408)","Large Residential","91,130","9,615","ConEd"
"   11229 (40.601233507321, -73.944368541175)","Commercial","1,993,920","210,370","National Grid"
"   11365 (40.739871843711, -73.794621535156)","Commercial","963","102","National Grid"
"   11232 (40.654511617018, -74.000033929122)","Industrial","13,048,581","1,376,698","National Grid"
"   10009 (40.726649358981, -73.979111485007)","Large Residential","44,314","4,675","ConEd"
"   11241 (40.693288999588, -73.990626999836)","Small residential","947","100","National Grid"
"   11004 (40.743237834359, -73.712015000192)","Residential","1,358,168","143,294","ConEd"
"   10023 (40.774536138232, -73.979943356101)","Residential","3,911,782","412,715","ConEd"
"   11241 (40.693288999588, -73.990626999836)","Commercial","184","19","National Grid"
"   11385 (40.701224891615, -73.88334858437)","Institutional","1,245,917","131,451","National Grid"
"   11365 (40.739871843711, -73.794621535156)","Residential","4,511,563","475,995","ConEd"
"   11212 (40.662797169953, -73.912984894337)","Industrial","3,623,309","382,279","National Grid"
"   11234 (40.61636866748, -73.927732249743)","Small residential","22,219,097","2,344,239","National Grid"
"   10452 (40.837724263364, -73.923332211412)","Residential","786,394","82,969","ConEd"
"   11105 (40.780092072491, -73.90960650024)","Residential","3,098,073","326,864","ConEd"
"   11237 (40.704095739827, -73.920994233997)","Small residential","3,804,248","401,369","National Grid"
"   11419 (40.688713790409, -73.822888330532)","Small residential","8,591,091","906,408","National Grid"
"   10306 (40.566020489654, -74.119945669057)","Large residential","1,744,540","184,059","National Grid"
"   11436 (40.675718209128, -73.796465014948)","Institutional","220,564","23,271","National Grid"
"   10025 (40.796850127631, -73.963725810598)","Residential","3,408,769","359,644","ConEd"
"   11365 (40.739871843711, -73.794621535156)","Commercial","5,329,748","562,318","ConEd"
"   10455 (40.813535754971, -73.905355252043)","Commercial","4,937,392","520,923","ConEd"
"   11436 (40.675718209128, -73.796465014948)","Small residential","4,012,282","423,318","National Grid"
"   11377 (40.745193764481, -73.90484714408)","Commercial","311,084","32,821","ConEd"
"   10473 (40.817731470931, -73.860537000082)","Commercial","8,638,721","911,433","ConEd"
"   10309 (40.530393118348, -74.218938614326)","Institutional","579,303","61,120","National Grid"
"   10033 (40.856219929206, -73.945859000193)","Commercial","3,904","412","ConEd"
"   11435 (40.701192649122, -73.809796655791)","Residential","427,854","45,141","ConEd"
"   11366 (40.728164407262, -73.792268173937)","Residential","154,642","16,316","ConEd"
"   10033 (40.856219929206, -73.945859000193)","Large Residential","90,934","9,594","ConEd"
"   11432 (40.71311535449, -73.792820999789)","Large residential","6,817,221","719,255","National Grid"
"   10021 (40.769205327664, -73.959183941086)","Large Residential","180,776","19,073","ConEd"
"   11418 (40.696370412365, -73.840310249918)","Industrial","1,146,988","121,014","National Grid"
"   10128 (40.781770000585, -73.95062814907)","Large Residential","220,365","23,250","ConEd"
"   10032 (40.836930349056, -73.949178521971)","Commercial","1,952,524","206,002","ConEd"
"   11374 (40.726464917022, -73.861480847563)","Large residential","9,176,417","968,163","National Grid"
"   10040 (40.858095531883, -73.929255489949)","Residential","445,116","46,962","ConEd"
"   10307 (40.508004527487, -74.242114281948)","Small residential","3,667,832","386,977","National Grid"
"   11210 (40.627722263871, -73.946537919989)","Small residential","11,755,834","1,240,306","National Grid"
"   11375 (40.72070726303, -73.846284296083)","Small residential","7,403,805","781,143","National Grid"
"   11001 (40.721390004945, -73.707396928425)","Residential","53,094","5,602","ConEd"
"   10003 (40.731943947555, -73.98887214913)","Commercial","8,855,716","934,328","ConEd"
"   11428 (40.721396964798, -73.741937297268)","Commercial","19,477","2,055","ConEd"
"   10019 (40.76761164716, -73.991805500224)","Residential","124,706","13,157","ConEd"
"   10456 (40.830436680009, -73.907765199504)","Large Residential","161,363","17,025","ConEd"
"   10282 (40.719614557066, -74.014649282938)","Commercial","508,119","53,609","ConEd"
"   11223 (40.596939623165, -73.973311472047)","Large residential","7,349,231","775,385","National Grid"
"   11427 (40.729310574324, -73.750676021281)","Residential","77,967","8,226","ConEd"
"   11104 (40.744893366636, -73.920541345307)","Large Residential","226,694","23,917","ConEd"
"   11212 (40.662797169953, -73.912984894337)","Large residential","25,048,890","2,642,798","National Grid"
"   10304 (40.591229442585, -74.111328000087)","Institutional","606,346","63,973","National Grid"
"   10303 (40.633032309993, -74.16834884982)","Institutional","163,704","17,272","National Grid"
"   11001 (40.721390004945, -73.707396928425)","Commercial","79,704","8,409","ConEd"
"   10075 (40.772939491764, -73.956090162631)","Commercial","1,145,955","120,905","ConEd"
"   10455 (40.813535754971, -73.905355252043)","Large Residential","51,911","5,477","ConEd"
"   11206 (40.701912016826, -73.942379198541)","Industrial","593,089","62,574","National Grid"
"   11101 (40.745702449808, -73.938669029252)","Residential","1,144,993","120,803","ConEd"
"   11233 (40.678130438169, -73.919776475504)","Institutional","1,165,816","123,000","National Grid"
"   11226 (40.646505002304, -73.957190099144)","Small residential","6,406,707","675,943","National Grid"
"   11215 (40.665557251366, -73.979681535574)","Institutional","675,011","71,217","National Grid"
"   10471 (40.901994423104, -73.903626500562)","Commercial","6,866","724","ConEd"
"   11414 (40.658170228174, -73.844962639814)","Institutional","116,362","12,277","National Grid"
"   11236 (40.640021493797, -73.901121939926)","Large residential","11,489,554","1,212,212","National Grid"
"   11416 (40.684578097002, -73.849601668482)","Small residential","5,019,507","529,586","National Grid"
"   11377 (40.745193764481, -73.90484714408)","Small residential","7,978,253","841,750","National Grid"
"   11210 (40.627722263871, -73.946537919989)","Commercial","1,224,750","129,218","National Grid"
"   11229 (40.601233507321, -73.944368541175)","Institutional","447,194","47,181","National Grid"
"   11207 (40.670802431187, -73.893841150049)","Large residential","18,203,649","1,920,587","National Grid"
"   11102 (40.771524024514, -73.926435450735)","Commercial","1,778,170","187,607","ConEd"
"   11219 (40.632772955408, -73.996676811186)","Institutional","1,076,397","113,566","National Grid"
"   11411 (40.694293339066, -73.735683291251)","Small residential","5,417,452","571,572","National Grid"
"   10305 (40.596184688173, -74.075072384883)","Commercial","1,902,540","200,729","National Grid"
"   10013 (40.721242188776, -74.008889000227)","Commercial","7,261,765","766,157","ConEd"
"   10309 (40.530393118348, -74.218938614326)","Large residential","13,184","1,391","National Grid"
"   11377 (40.745193764481, -73.90484714408)","Large residential","9,466,158","998,733","National Grid"
"   10457 (40.845798371298, -73.898324186812)","Residential","779,330","82,224","ConEd"
"   11427 (40.729310574324, -73.750676021281)","Residential","1,373,653","144,928","ConEd"
"   10005 (40.706125792072, -74.008584685835)","Commercial","382,037","40,307","ConEd"
"   11369 (40.763413273704, -73.872378898667)","Industrial","8,824","931","National Grid"
"   11204 (40.619055848049, -73.984798598876)","Institutional","892,032","94,114","National Grid"
"   10474 (40.810882923108, -73.882356362356)","Residential","558,002","58,872","ConEd"
"   10470 (40.900127971928, -73.87122775026)","Residential","1,431,048","150,984","ConEd"
"   11421 (40.691764587566, -73.85702228585)","Commercial","743,600","78,454","National Grid"
"   10301 (40.626785508445, -74.096112910882)","Industrial","42,909","4,527","National Grid"
"   11364 (40.74592468038, -73.757902755608)","Commercial","3,008,945","317,461","ConEd"
"   10011 (40.744715266696, -74.00460000029)","Residential","192,654","20,326","ConEd"
"   11369 (40.763413273704, -73.872378898667)","Large residential","1,688,743","178,172","National Grid"
"   10037 (40.813297761083, -73.937282525568)","Large Residential","4,228,025","446,080","ConEd"
"   10024 (40.783625568166, -73.966539000574)","Commercial","1,822,842","192,320","ConEd"
"   10005 (40.706125792072, -74.008584685835)","Residential","265","28","ConEd"
"   11422 (40.661613493968, -73.736051726406)","Industrial","13,360","1,410","National Grid"
"   10468 (40.869693003729, -73.898926992487)","Commercial","3,511,905","370,526","ConEd"
"   11411 (40.694293339066, -73.735683291251)","Institutional","316,866","33,431","National Grid"
"   10031 (40.824954205073, -73.950124436094)","Commercial","1,901,756","200,646","ConEd"
"   11238 (40.67886241347, -73.963820469639)","Small residential","5,094,432","537,491","National Grid"
"   11434 (40.676945262114, -73.775306901692)","Residential",,,"ConEd"
"   11243 (40.685030000035, -73.978075000161)","Large residential","201,530","21,263","National Grid"
"   11236 (40.640021493797, -73.901121939926)","Institutional","839,695","88,593","National Grid"
"   10285 (40.711871000346, -74.014402999998)","Commercial","41,397","4,368","ConEd"
"   11204 (40.619055848049, -73.984798598876)","Commercial","1,607,460","169,596","National Grid"
"   10302 (40.630833311108, -74.137734298699)","Industrial","6,464","682","National Grid"
"   10452 (40.837724263364, -73.923332211412)","Large Residential","93,786","9,895","ConEd"
"   10282 (40.719614557066, -74.014649282938)","Residential","33,268","3,510","ConEd"
"   11004 (40.743237834359, -73.712015000192)","Residential","132,722","14,003","ConEd"
"   10018 (40.756840774582, -73.996691499813)","Commercial","2,082,396","219,704","ConEd"
"   11434 (40.676945262114, -73.775306901692)","Commercial",,,"ConEd"
"   10026 (40.803058121635, -73.953342776048)","Residential","148,829","15,702","ConEd"
"   10465 (40.827628067581, -73.822413141353)","Commercial","3,489,361","368,147","ConEd"
"   10457 (40.845798371298, -73.898324186812)","Large Residential","182,574","19,263","ConEd"
"   10303 (40.633032309993, -74.16834884982)","Large residential","1,519,719","160,339","National Grid"
"   11695 (40.597608000209, -73.820967000027)","Commercial","29,091","3,069","National Grid"
"   11414 (40.658170228174, -73.844962639814)","Industrial","4,334","457","National Grid"
"   11218 (40.64322700852, -73.976448622106)","Institutional","342,884","36,176","National Grid"
"   11228 (40.616540714083, -74.013277847395)","Small residential","9,926,950","1,047,349","National Grid"
"   10017 (40.752456527447, -73.97297648088)","Commercial","3,708,661","391,284","ConEd"
"   11373 (40.738710402563, -73.878351155182)","Institutional","2,030,783","214,259","National Grid"
"   11415 (40.708286075142, -73.828556121568)","Commercial","462","49","ConEd"
"   10465 (40.827628067581, -73.822413141353)","Residential","315,919","33,331","ConEd"
"   10016 (40.745242969987, -73.978232985864)","Residential","111,236","11,736","ConEd"
"   10128 (40.781770000585, -73.95062814907)","Commercial","2,051,345","216,428","ConEd"
"   11416 (40.684578097002, -73.849601668482)","Institutional","277,779","29,307","National Grid"
"   10454 (40.805846930092, -73.916285046518)","Large Residential",,,"ConEd"
"   10464 (40.875709096797, -73.812297250418)","Commercial","312,764","32,998","ConEd"
"   11432 (40.71311535449, -73.792820999789)","Commercial","1,277,032","134,734","ConEd"
"   10016 (40.745242969987, -73.978232985864)","Residential","1,501,042","158,368","ConEd"
"   11362 (40.759074216602, -73.734300177111)","Commercial","2,594,439","273,728","ConEd"
"   10466 (40.890809730185, -73.846009063068)","Commercial","6,931,173","731,278","ConEd"
"   10309 (40.530393118348, -74.218938614326)","Industrial","1,230,604","129,836","National Grid"
"   10128 (40.781770000585, -73.95062814907)","Residential","2,367,827","249,819","ConEd"
"   11207 (40.670802431187, -73.893841150049)","Institutional","3,278,246","345,873","National Grid"
"   10460 (40.843090348041, -73.87860282506)","Residential","469,613","49,547","ConEd"
"   11233 (40.678130438169, -73.919776475504)","Small residential","8,291,426","874,792","National Grid"
"   11692 (40.59313388562, -73.795402084638)","Large residential","983,881","103,805","National Grid"
"   10307 (40.508004527487, -74.242114281948)","Large residential","21,125","2,229","National Grid"
"   11106 (40.761699790013, -73.931663252957)","Commercial","4,841,650","510,821","ConEd"
"   11362 (40.759074216602, -73.734300177111)","Small residential","336","35","National Grid"
"   10473 (40.817731470931, -73.860537000082)","Large Residential","13,657","1,441","ConEd"
"   10469 (40.868181802748, -73.846568687795)","Residential","7,945,664","838,312","ConEd"
"   11691 (40.600614338481, -73.762567774683)","Large residential","7,229,588","762,762","National Grid"
"   11231 (40.677554311782, -74.004676704366)","Industrial","352,339","37,174","National Grid"
"   10028 (40.776344978838, -73.952966679569)","Residential","1,619,890","170,908","ConEd"
"   10453 (40.852786838342, -73.913426784319)","Commercial","7,851,638","828,392","ConEd"
"   11216 (40.680758670876, -73.949267750906)","Large residential","6,405,467","675,813","National Grid"
"   11219 (40.632772955408, -73.996676811186)","Large residential","4,862,069","512,976","National Grid"
"   10018 (40.756840774582, -73.996691499813)","Commercial",,,"ConEd"
"   11215 (40.665557251366, -73.979681535574)","Small residential","9,903,140","1,044,837","National Grid"
"   10031 (40.824954205073, -73.950124436094)","Residential","607,749","64,121","ConEd"
"   10031 (40.824954205073, -73.950124436094)","Large Residential","1,034,833","109,181","ConEd"
"   11238 (40.67886241347, -73.963820469639)","Industrial","228,912","24,151","National Grid"
"   11377 (40.745193764481, -73.90484714408)","Residential","74,199","7,828","ConEd"
"   10024 (40.783625568166, -73.966539000574)","Residential","403,600","42,582","ConEd"
"   11435 (40.701192649122, -73.809796655791)","Institutional","865,115","91,274","National Grid"
"   10029 (40.791610720558, -73.944032281065)","Large Residential","10,842,289","1,143,922","ConEd"
"   11365 (40.739871843711, -73.794621535156)","Large Residential","57,283","6,044","ConEd"
"   11434 (40.676945262114, -73.775306901692)","Large residential","38,846,378","4,098,510","National Grid"
"   11221 (40.691288039511, -73.927617927925)","Large residential","8,523,704","899,299","National Grid"
"   10474 (40.810882923108, -73.882356362356)","Commercial","3,122,702","329,463","ConEd"
